employee_id,name,email,role,hourly_rate
85,Jackie Dudley,property1877@outlook.com,Senior Scientist,83.6
100,Marcelo Wall,kind1893@live.com,Research Associate,45.0
68,Josue Monroe,variations1995@yandex.com,Data Analyst,90.39
128,Nadene Norman,hugo2085@example.com,Senior Scientist,61.79
86,Lanie Montgomery,suicide2094@protonmail.com,Clinical Coordinator,97.14
140,Lurlene Vang,platinum1849@duck.com,Research Associate,52.95
99,Issac Hurley,lap2037@example.org,Research Associate,85.75
120,Aron Barnes,ships1975@example.org,Senior Scientist,77.92
98,Heath Compton,professor1923@duck.com,Research Associate,92.58
99,Elmo Leach,confusion2017@outlook.com,Data Analyst,88.12
88,Winfred Bender,excitement2017@protonmail.com,Data Analyst,78.62
102,Lawerence Maxwell,firm2092@yahoo.com,Senior Scientist,46.59
106,Antonio Beach,frost1970@protonmail.com,Clinical Coordinator,48.07
84,Wilson Cohen,leone1926@example.org,Senior Scientist,70.4
97,Dahlia Mcfarland,shaft1856@protonmail.com,Research Associate,84.79
87,Wendell Hernandez,shield1807@duck.com,Senior Scientist,69.79
145,Ludivina Berger,raid1967@gmail.com,Research Associate,100.63
98,Burt Lucas,palmer2099@yandex.com,Data Analyst,78.02
130,Chun Hutchinson,session2070@live.com,Research Associate,60.87
96,Eustolia Solomon,bless1820@gmail.com,Research Associate,78.05
105,Paris Hodges,powered1975@live.com,Senior Scientist,90.65
73,Raymond Gibbs,touring2092@gmail.com,Research Associate,93.12
91,Josef Bean,thru1928@protonmail.com,Research Associate,131.96
104,Charley Rollins,dies1801@outlook.com,Project Manager,68.28
131,Valentine Hancock,formal1888@duck.com,Research Associate,83.16
104,Russel Castro,stars1888@protonmail.com,Senior Scientist,95.65
127,Theo Mcfadden,drives1882@outlook.com,Research Associate,84.41
112,Darnell Frazier,promo1967@live.com,Research Associate,72.48
132,Samual Rose,relatively1923@yahoo.com,Research Associate,46.27
98,Crista Hale,thoughts2051@yandex.com,Data Analyst,72.23
147,Marylyn Pugh,heater1800@live.com,Clinical Coordinator,58.16
90,Soila Terry,char2072@yandex.com,Research Associate,45.0
84,Ariel Herman,ratios2048@outlook.com,Clinical Coordinator,65.11
75,Rickey Robertson,asylum1875@gmail.com,Senior Scientist,58.82
146,Shavonda Rice,employment1914@yahoo.com,Project Manager,99.59
116,Hong Vega,responses1819@duck.com,Project Manager,100.03
93,Ariel Carter,newly2062@yandex.com,Project Manager,62.4
124,Emelina Leblanc,encouraging1809@protonmail.com,Data Analyst,78.49
113,Kennith Grimes,exceed2013@protonmail.com,Senior Scientist,45.0
139,Gavin Sweet,nasa1987@yahoo.com,Senior Scientist,72.64
69,Forest Benjamin,properly2091@outlook.com,Research Associate,94.97
94,Anthony Dotson,shaved1840@protonmail.com,Research Associate,105.62
90,Valda Gates,argument2026@duck.com,Project Manager,67.17
60,Queenie Morales,cute1988@example.org,Research Associate,111.3
121,Monte Hampton,hereby1896@example.com,Research Associate,47.11
94,Joaquin Cole,hottest2078@duck.com,Research Associate,53.81
114,Jared Tran,performs2033@example.org,Research Associate,102.74
147,German Kidd,artist2040@yandex.com,Project Manager,126.78
92,Delena Morrison,finally1901@protonmail.com,Project Manager,97.34
91,Leonore Washington,sticker1977@example.org,Senior Scientist,83.99
102,Viki Patton,plane1852@outlook.com,Research Associate,45.0
119,Jon Banks,devil1821@example.com,Senior Scientist,45.0
88,Silas Ayers,actively2051@yahoo.com,Senior Scientist,88.24
87,Blaine Griffin,offensive2038@gmail.com,Project Manager,76.05
121,Jeanice Gordon,estates1936@protonmail.com,Senior Scientist,57.35
107,Luba Webb,ashley2005@yahoo.com,Senior Scientist,86.64
59,Eric Avila,irrigation2014@protonmail.com,Senior Scientist,87.88
75,Maira Berg,bee1974@yandex.com,Clinical Coordinator,108.61
130,Bari Wilder,dsc2065@duck.com,Data Analyst,88.42
108,Danika Nieves,disable2058@outlook.com,Senior Scientist,115.71
84,Alishia Mcdowell,book2057@protonmail.com,Senior Scientist,85.2
96,Ambrose Gilmore,findings1837@protonmail.com,Research Associate,82.12
100,Kimi Church,september1824@duck.com,Clinical Coordinator,111.61
114,Bertram Mcleod,awesome2004@duck.com,Research Associate,60.54
72,Philip Wynn,ups1805@example.com,Research Associate,155.36
83,Long Reeves,implied1815@yandex.com,Clinical Coordinator,94.38
105,Arnita Hendrix,permissions2066@example.com,Project Manager,94.52
98,Arlie Quinn,blackberry1855@yandex.com,Research Associate,98.13
111,Tonita Bird,extra1988@outlook.com,Research Associate,131.93
75,Gertrudis Phelps,identified1971@example.org,Research Associate,104.81
107,Kristofer Elliott,anniversary1880@yahoo.com,Senior Scientist,45.0
121,France Valentine,reaching1922@live.com,Research Associate,120.09
109,Lilliam Barry,immediate1815@duck.com,Clinical Coordinator,76.48
102,Houston Chaney,child1889@duck.com,Clinical Coordinator,87.68
98,Marline Sherman,retention1811@protonmail.com,Senior Scientist,53.02
83,Winford Alvarado,alien1928@duck.com,Project Manager,98.16
98,Timmy Bright,roland2061@protonmail.com,Research Associate,68.72
125,Ayako Moses,luis1849@yandex.com,Research Associate,87.5
97,Louie Le,zimbabwe1888@gmail.com,Project Manager,77.9
82,Leontine Hughes,comp1826@yandex.com,Research Associate,133.13
90,Kevin Dickson,engine1957@live.com,Research Associate,134.56
104,Roland Berg,mountain1812@yandex.com,Research Associate,86.16
92,Vallie Roberson,cedar2064@example.com,Research Associate,86.6
109,Collin Cotton,circulation1960@protonmail.com,Senior Scientist,75.66
110,Claude Nunez,textile1951@example.com,Project Manager,112.65
117,Eusebio Washington,championships2098@yandex.com,Data Analyst,76.78
128,Eusebio Bauer,inquiry1834@example.com,Project Manager,74.47
119,Chance Bolton,repository1840@example.org,Data Analyst,109.46
81,Angla Haley,oregon2055@gmail.com,Senior Scientist,71.54
81,Keenan Wiley,thriller1852@example.org,Data Analyst,84.06
98,Ian Crosby,outsourcing1904@protonmail.com,Senior Scientist,45.47
90,Frances Sheppard,enzyme2057@example.org,Research Associate,102.6
77,Shaun Nieves,marion2024@example.com,Clinical Coordinator,133.52
91,Christia Walsh,doors2063@example.com,Research Associate,103.03
90,Florrie Wallace,half1911@example.com,Research Associate,121.54
86,Jamison Hampton,genetics1924@gmail.com,Research Associate,63.85
93,Williams Bowen,poll1861@example.org,Senior Scientist,90.91
123,Regine Gay,dramatically1928@gmail.com,Senior Scientist,61.42
103,Genie Diaz,framed2057@outlook.com,Senior Scientist,79.31
149,Jadwiga Moses,syntax1983@outlook.com,Data Analyst,104.31
103,Fabian Lewis,adrian1947@outlook.com,Research Associate,87.55
94,Vivan Bass,instant2017@example.com,Senior Scientist,49.68
100,Shaunte Velazquez,kai1804@example.org,Research Associate,52.12
105,Xochitl Burch,seeing1833@example.com,Data Analyst,50.47
108,Mahalia Rodriquez,latest2089@example.org,Research Associate,97.29
141,Sari Huber,competent1852@yahoo.com,Research Associate,136.6
83,Collin Dale,walk2094@example.org,Senior Scientist,119.06
117,Davis Robbins,huge1991@gmail.com,Project Manager,45.0
104,Sol Bartlett,coordinate1925@yahoo.com,Data Analyst,120.53
68,Joshua Cole,recorded2007@protonmail.com,Senior Scientist,108.41
115,Ayesha Summers,valve1986@gmail.com,Data Analyst,46.37
125,Rubie Anthony,dear1964@protonmail.com,Senior Scientist,77.42
82,Tamekia Sykes,yours1886@yahoo.com,Research Associate,112.39
99,Herbert Buckner,usps2025@protonmail.com,Research Associate,98.76
65,Kai Kent,wearing1800@example.com,Research Associate,52.27
74,Laraine Bradshaw,champions1951@gmail.com,Research Associate,100.27
120,Raymon Miles,verzeichnis1889@yahoo.com,Senior Scientist,45.0
90,Kenton Rodriquez,budgets1934@outlook.com,Senior Scientist,79.43
77,Darrell Franklin,reproduced2039@example.com,Senior Scientist,113.45
104,Tyisha Rivers,editing1814@protonmail.com,Senior Scientist,85.46
89,Ralph York,injuries1815@live.com,Project Manager,72.53
90,Normand Mccray,touched1916@yahoo.com,Project Manager,107.23
114,Alla Mercado,oasis2072@duck.com,Research Associate,109.37
76,Leeanne Avery,confidence1934@protonmail.com,Research Associate,117.75
81,Melita Massey,resulting1907@live.com,Senior Scientist,106.86
103,Todd Coffey,yellow2083@yandex.com,Senior Scientist,112.03
119,Darin Maynard,alternatively2007@yandex.com,Research Associate,103.32
124,Cleora Keller,industry1973@protonmail.com,Research Associate,91.64
86,Johnette Allison,intended1918@protonmail.com,Project Manager,87.24
118,Shenna Mccullough,equipped1951@outlook.com,Project Manager,79.07
84,Al Garrett,sufficient1863@yahoo.com,Research Associate,54.69
136,Ezra Nash,articles2026@yahoo.com,Senior Scientist,61.12
77,Erick Norton,cams2060@outlook.com,Data Analyst,77.95
126,Stephane Tate,systematic2000@yahoo.com,Research Associate,91.04
86,Maybell Raymond,ottawa1895@gmail.com,Data Analyst,121.02
140,Margert Melendez,encourage2019@protonmail.com,Research Associate,83.96
111,Temeka Simon,cancelled2070@protonmail.com,Senior Scientist,110.09
79,Allen Bond,pda1835@example.org,Senior Scientist,111.98
89,Christian Burns,set1940@live.com,Research Associate,79.21
115,Andera Bender,petersburg1842@yahoo.com,Clinical Coordinator,99.87
121,Reggie Hutchinson,compatibility1942@duck.com,Senior Scientist,78.91
98,Shala Ferrell,trio1851@yahoo.com,Clinical Coordinator,118.05
100,Milda Leonard,villages2073@example.org,Research Associate,100.9
115,Darron Moody,suse1917@example.org,Data Analyst,55.24
102,Antonina Daugherty,recommendation2031@protonmail.com,Clinical Coordinator,89.04
74,Lorette Perez,breaking2085@outlook.com,Senior Scientist,126.2
83,Victor Grant,coated1839@gmail.com,Research Associate,80.47
104,Johnsie Robertson,cult1988@example.org,Project Manager,96.19
124,Vernon Howell,relationship1993@protonmail.com,Senior Scientist,98.65
132,Kerry Olsen,certification2058@example.com,Clinical Coordinator,59.08
115,Jordan Salazar,feeling2030@protonmail.com,Senior Scientist,97.77
105,Kasha Riddle,practice1873@example.com,Research Associate,50.15
114,Lesley William,manchester1899@example.org,Research Associate,69.36
86,Fredrick Newman,catalyst1861@gmail.com,Project Manager,111.89
96,Manual Fowler,commissions2051@outlook.com,Clinical Coordinator,93.92
83,Ilda Simon,remark2000@live.com,Research Associate,77.39
75,Marlin Caldwell,failing2036@duck.com,Project Manager,96.16
106,Tyson Boyle,sub2062@protonmail.com,Clinical Coordinator,83.5
103,Shaneka Levy,copyrighted2005@outlook.com,Research Associate,85.31
113,Phebe Bentley,plastic2007@gmail.com,Research Associate,101.42
110,Dusty Wood,ipod1932@protonmail.com,Project Manager,66.82
104,Trula Daniels,flood2000@gmail.com,Project Manager,86.01
111,Joette Brooks,plane2031@example.com,Research Associate,77.19
99,Tory Livingston,marriott2057@outlook.com,Data Analyst,45.36
108,Colby Sandoval,interpretation1876@gmail.com,Senior Scientist,61.99
85,Beula Koch,planes1950@yandex.com,Clinical Coordinator,124.21
107,Treena Bryant,islam1908@yandex.com,Data Analyst,94.62
113,Ross Henderson,dat1831@example.org,Data Analyst,51.91
86,Vinita Dalton,underlying1967@duck.com,Senior Scientist,46.49
101,Remedios Bush,stronger2054@outlook.com,Research Associate,82.2
87,Quintin Webb,armstrong1822@protonmail.com,Senior Scientist,124.03
89,Ellena Cotton,believe2006@duck.com,Research Associate,80.33
77,Mathew Rosario,contains1833@duck.com,Project Manager,117.67
125,Russel Alvarado,richards1954@example.com,Research Associate,93.8
121,Florentina Floyd,titled1928@example.com,Senior Scientist,96.78
110,Jeffie Ruiz,rca2043@example.com,Research Associate,51.61
139,Asuncion Church,actions1906@live.com,Research Associate,108.44
96,Laticia Orr,airplane1974@outlook.com,Research Associate,76.63
160,Valentine Dodson,murray2092@live.com,Project Manager,106.58
95,Tonie Hopper,cashiers1825@gmail.com,Data Analyst,64.65
105,Lasandra Hayden,kissing1868@yandex.com,Research Associate,89.43
92,Fausto Christensen,agenda1845@example.org,Data Analyst,93.8
107,Tyson Butler,adipex1836@yahoo.com,Data Analyst,81.15
116,Jean Perry,cheese2090@duck.com,Research Associate,95.11
97,Delsie Riley,reactions1974@gmail.com,Project Manager,78.34
135,Angelo Farrell,machines2060@yandex.com,Senior Scientist,68.77
104,Ronald Bruce,perry2040@live.com,Research Associate,125.14
105,Sherill Yang,extreme1965@example.com,Senior Scientist,111.22
81,Jeni Guerrero,cons2030@yahoo.com,Research Associate,65.98
108,Gertha Bright,alert1905@outlook.com,Data Analyst,99.21
97,Mack Wilkins,enabled1941@protonmail.com,Clinical Coordinator,66.43
87,Wendell Maynard,blog2061@example.org,Data Analyst,55.38
84,Dustin Sharpe,consecutive1905@outlook.com,Senior Scientist,110.85
153,August Melendez,img1941@outlook.com,Senior Scientist,45.0
94,Rhett Brooks,psychological1815@live.com,Clinical Coordinator,108.17
70,Nadene Mcconnell,animated1809@yandex.com,Research Associate,78.68
86,Melodee Byrd,stick2054@example.com,Research Associate,79.71
98,Odell Bright,commented2043@protonmail.com,Senior Scientist,95.24
110,Shawana Mcknight,shows1900@outlook.com,Research Associate,99.53
111,Enda Barnes,station1934@example.com,Research Associate,64.34
